<?xml version="1.0" encoding="UTF-8" standalone="no"?>
<catalog prefer="public" xmlns="urn:oasis:names:tc:entity:xmlns:xml:catalog">
    <group id="Folder Repository, directory=, recursive=true, Auto-Update=true, version=2" prefer="public" xml:base="">
        <uri id="Automatically generated entry, Timestamp=1518521594229" name="http://www.ontologydesignpatterns.org/cp/owl/semiotics.owl" uri="semiotics.owl"/>
        <uri id="Automatically generated entry, Timestamp=1518521594229" name="http://www.w3.org/2002/07/owl" uri="decomp.rdf"/>
        <uri id="Automatically generated entry, Timestamp=1518521594229" name="http://www.w3.org/2004/02/skos/core" uri="skos.rdf"/>
        <uri id="Automatically generated entry, Timestamp=1518521594229" name="http://www.w3.org/ns/lemon/lime" uri="lime.rdf"/>
        <uri id="Automatically generated entry, Timestamp=1518521594229" name="http://www.w3.org/ns/lemon/ontolex" uri="ontolex.rdf"/>
        <uri id="Automatically generated entry, Timestamp=1518521594229" name="http://www.w3.org/ns/lemon/synsem" uri="synsem.rdf"/>
        <uri id="Automatically generated entry, Timestamp=1518521594229" name="http://www.w3.org/ns/lemon/vartrans" uri="vartrans.rdf"/>
    </group>
    <uri id="decomp" name="http://www.w3.org/ns/lemon/decomp" uri="decomp.owl"/>
    <uri id="ontolex" name="http://www.w3.org/ns/lemon/ontolex" uri="ontolex.owl"/>
    <uri id="synsem" name="http://www.w3.org/ns/lemon/synsem.owl" uri="synsem.owl"/>
    <uri id="pmo" name="http://premon.fbk.eu/ontology/core" uri="core.ttl"/>
    <uri id="pmopb" name="http://premon.fbk.eu/ontology/pb" uri="pb.ttl"/>
    <uri id="pmonb" name="http://premon.fbk.eu/ontology/nb" uri="nb.ttl"/>
    <uri id="pmovn" name="http://premon.fbk.eu/ontology/vn" uri="vn.ttl"/>
    <uri id="pmofn" name="http://premon.fbk.eu/ontology/fn" uri="fn.ttl"/>
    <uri id="pmoall" name="http://premon.fbk.eu/ontology/all" uri="all.ttl"/>
</catalog>
